{
  "Author": "Liza Carvelli, decorwdyun(国服支持)",
  "Name": "Questionable",
  "InternalName": "Questionable",
  "AssemblyVersion": "5.23",
  "Description": "一个小小的的自动任务插件，可以在尽可能的情况下自动完成游戏任务。使用寻路自动前面任务目标点，并尽量自动完成所有步骤。\n\n但是并非所有任务都受支持，请查看Discord或Git仓库以获取最新的支持任务列表。\n\n所需插件：vnavmesh, TextAdvance, Lifestream",
  "ApplicableVersion": "any",
  "RepoUrl": "https://github.com/decorwdyun/Questionable",
  "Tags": [
    "qst",
    "quests",
    "msq",
    "Questionable",
    "任务",
    "主线任务"
  ],
  "DalamudApiLevel": 12,
  "LoadRequiredState": 0,
  "LoadSync": false,
  "CanUnloadAsync": false,
  "LoadPriority": 0,
  "IconUrl": "https://plugins.carvel.li/icons/Questionable.png",
  "Punchline": "一个小小的的自动任务插件。.",
  "AcceptsFeedback": true
}